,D295,N296,I297,K298,H299,V300,L301,G302,G303,G304,S305,V306,Q307,I308,V309,Y310,K311,P312,V313
42.5,0.000147,0.0001759,0.0001818,0.0001796,0.0001849,0.0001787,0.000171,0.0001698,0.000163,0.0001605,0.0001603,0.0001773,0.0001757,0.0001844,0.0001717,0.0001683,0.0001632,0.0001639,0.0001401
47.5,0.0023358,0.0021362,0.0018392,0.0022078,0.0019738,0.0018094,0.001788,0.0020089,0.0020329,0.0020474,0.0020173,0.0018254,0.0020054,0.0017808,0.0017995,0.0018764,0.0021485,0.0018915,0.0019981
52.5,0.0086999,0.008116,0.0072911,0.0083439,0.0077056,0.007274,0.007192,0.0078302,0.0078327,0.0078765,0.0078378,0.0072924,0.0078159,0.0071528,0.0072366,0.0074946,0.0082833,0.0075029,0.0076922
57.5,0.0082303,0.007672,0.0068907,0.007797,0.0071942,0.0068118,0.0066999,0.0074122,0.0074301,0.0073972,0.0073906,0.0068211,0.0073132,0.0066479,0.0067357,0.0070223,0.007724,0.0070662,0.0072955
62.5,0.0078319,0.0071734,0.006356,0.0071965,0.0066364,0.0062137,0.0061681,0.0067968,0.0069215,0.0068551,0.0068246,0.0062156,0.0067155,0.0060421,0.0061054,0.0063993,0.0071357,0.0065705,0.006876
67.5,0.0087627,0.0081427,0.0073935,0.0081156,0.0076507,0.0073254,0.0072592,0.0078125,0.0078965,0.0078843,0.0078697,0.0073394,0.0077908,0.0071879,0.0072178,0.007433,0.0080529,0.0076387,0.0079881
72.5,0.0097154,0.0091921,0.0088192,0.0091446,0.0089675,0.0087024,0.008728,0.0090632,0.0091599,0.0091088,0.0090875,0.0087729,0.0090164,0.0086518,0.0086846,0.0088162,0.009125,0.0090425,0.0093182
77.5,0.0104473,0.0102429,0.0101838,0.010113,0.0101445,0.0101482,0.0101064,0.010293,0.0102591,0.0102457,0.0102514,0.0101963,0.0102284,0.0101636,0.0101175,0.0101529,0.0101097,0.0103244,0.0105172
82.5,0.0110465,0.0111304,0.0113769,0.0110066,0.011267,0.0114567,0.0113837,0.0112931,0.0113008,0.0113141,0.0112757,0.0114409,0.0113232,0.0114637,0.0114255,0.0113776,0.0110664,0.0113875,0.0114019
87.5,0.0114667,0.0118448,0.0123221,0.0117486,0.0121442,0.0124898,0.0124111,0.0121367,0.0120263,0.0121225,0.0120909,0.0124142,0.0121243,0.0125303,0.0125143,0.0123182,0.0118557,0.0122461,0.0119947
92.5,0.0117487,0.0123899,0.0130762,0.0123255,0.0127437,0.013157,0.0131164,0.0126903,0.0125791,0.0126524,0.0126135,0.0130686,0.0126948,0.0132585,0.0131347,0.0129969,0.0123634,0.0127297,0.0123598
97.5,0.0118012,0.0125889,0.0132372,0.0126044,0.0130364,0.0133819,0.0133153,0.0127845,0.0127004,0.0127647,0.0128421,0.0133276,0.0129715,0.0135535,0.0134847,0.0132338,0.0126389,0.012952,0.0124225
102.5,0.0116527,0.0124618,0.0131068,0.0124788,0.0128654,0.0131866,0.013166,0.0126452,0.012572,0.0126067,0.012712,0.0131697,0.0128099,0.0133219,0.0133587,0.013082,0.0125129,0.0128172,0.0122095
107.5,0.0111784,0.0119231,0.0124795,0.0119493,0.012342,0.0125199,0.012544,0.0121257,0.0119693,0.0120719,0.0121803,0.0125967,0.0121775,0.0126065,0.0126144,0.0124498,0.0119976,0.0122133,0.0117269
112.5,0.0105278,0.0110978,0.0115632,0.0111257,0.0114137,0.0116749,0.0115801,0.0112552,0.0111532,0.0112188,0.0112699,0.0116303,0.0113075,0.0117508,0.0116936,0.0115561,0.0111605,0.0113349,0.0109996
117.5,0.0097062,0.0101509,0.0104826,0.0101081,0.0104011,0.0104946,0.0105049,0.0102273,0.0101853,0.0102271,0.0102878,0.010514,0.0102965,0.0105635,0.0106757,0.0104243,0.0101377,0.0103147,0.0101676
122.5,0.0088533,0.0090923,0.0093382,0.009096,0.0093062,0.009375,0.0094228,0.0091964,0.0091315,0.0092147,0.0092295,0.0094069,0.0092104,0.0094614,0.0094684,0.0093529,0.009064,0.0092571,0.0091991
127.5,0.0079605,0.0080875,0.0082832,0.0080702,0.0082531,0.0083095,0.0083253,0.0081442,0.008212,0.0082098,0.0081782,0.0083614,0.0081543,0.0082961,0.0083475,0.0082318,0.0080682,0.0082324,0.0082424
132.5,0.0071782,0.0071509,0.0072847,0.0071139,0.0072426,0.0073085,0.0073621,0.0072224,0.0072393,0.0071775,0.0071729,0.0073115,0.0071593,0.0072858,0.0072728,0.0072006,0.0071263,0.0072583,0.0073328
137.5,0.006401,0.0063032,0.0063548,0.0062716,0.0063388,0.0063279,0.0064093,0.006337,0.0063548,0.0062965,0.0062797,0.0063269,0.0062785,0.0063306,0.0063186,0.0062461,0.0062817,0.0064039,0.0064796
142.5,0.0056286,0.005447,0.0054616,0.0054669,0.0054131,0.0054254,0.0055143,0.0054517,0.0055021,0.0054402,0.0054324,0.0054388,0.005421,0.0054277,0.0054286,0.0054158,0.0054649,0.0055368,0.0056453
147.5,0.0049256,0.0046994,0.0046261,0.004715,0.0046065,0.0045656,0.0046931,0.0046624,0.0046935,0.0046675,0.0046121,0.0045302,0.004599,0.0045724,0.0045234,0.0045807,0.0047266,0.0047278,0.0048838
152.5,0.0041561,0.0039347,0.0038034,0.0039451,0.0038219,0.0037698,0.0038517,0.0038807,0.0039326,0.00387,0.00386,0.0037449,0.0038708,0.0037573,0.0036883,0.0038017,0.0039335,0.0038903,0.0040635
157.5,0.0034547,0.0032088,0.0030505,0.0032212,0.0030603,0.0030095,0.0030534,0.0031105,0.003177,0.0031232,0.0031058,0.0030008,0.0031019,0.0029763,0.0029538,0.0030513,0.0032185,0.0031396,0.0032935
162.5,0.0026814,0.0024703,0.0023071,0.0024881,0.0023461,0.0022454,0.0023126,0.0024081,0.0024649,0.0023909,0.0023882,0.0022551,0.0023969,0.0022389,0.0022294,0.0023473,0.0024762,0.0023804,0.0025454
167.5,0.001918,0.0017568,0.0016179,0.0017635,0.0016405,0.0015895,0.0016364,0.0016872,0.0017361,0.0017009,0.0016857,0.0015833,0.0016946,0.0015557,0.0015671,0.0016526,0.0017619,0.0016652,0.0017884
172.5,0.0011558,0.0010491,0.0009546,0.0010466,0.0009737,0.0009402,0.0009624,0.0010072,0.0010253,0.0010104,0.0010072,0.0009256,0.0010056,0.0009258,0.000923,0.0009853,0.001052,0.0009844,0.0010623
177.5,0.0003882,0.000361,0.0003182,0.0003569,0.0003261,0.0003087,0.0003223,0.0003473,0.0003489,0.000345,0.0003368,0.0003121,0.0003412,0.0003121,0.0003086,0.0003321,0.0003508,0.0003278,0.000356
