,D295,N296,I297,K298,H299,V300,P301,G302,G303,G304,S305,V306,Q307,I308,V309,Y310,K311,P312,V313
42.5,0.0001381,0.0001534,0.0001623,0.0001651,0.0001747,0.0001741,0.0001621,0.0001565,0.0001595,0.000165,0.000161,0.0001752,0.0001735,0.0001791,0.0001764,0.0001699,0.0001643,0.0001614,0.0001399
47.5,0.0023213,0.0020996,0.0018304,0.0021825,0.0019589,0.0018142,0.0018464,0.0020103,0.0020272,0.002019,0.0020285,0.0018043,0.001994,0.0017858,0.0017959,0.0018785,0.0021589,0.001894,0.0020023
52.5,0.0087378,0.0081739,0.0073648,0.0083246,0.0077479,0.007293,0.0073364,0.007854,0.0078968,0.0078969,0.0078935,0.0072567,0.0078151,0.0071838,0.0072483,0.0074889,0.008284,0.0075246,0.0077404
57.5,0.0081979,0.0076405,0.0068602,0.0078068,0.0072945,0.0068143,0.0068797,0.0073578,0.0073722,0.0073686,0.0073856,0.0067989,0.0072915,0.0066526,0.006705,0.0069913,0.0076956,0.0070393,0.0073231
62.5,0.0078436,0.0071661,0.0063489,0.0071966,0.0066806,0.0062471,0.0063573,0.0068334,0.0069064,0.006865,0.0068972,0.0062713,0.0067332,0.0060528,0.0060748,0.0064254,0.0071333,0.0065789,0.006905
67.5,0.0087867,0.0081628,0.0074405,0.0081544,0.0077171,0.0073501,0.0074379,0.0078504,0.007932,0.0078951,0.0078821,0.0072908,0.0077563,0.0071656,0.007194,0.0074593,0.0080579,0.0076977,0.0080244
72.5,0.0097345,0.0092544,0.0088379,0.0091623,0.0090156,0.008832,0.0088546,0.0091341,0.009139,0.0091281,0.0090728,0.008708,0.0089953,0.0086538,0.0086455,0.0087977,0.009121,0.0091082,0.0093726
77.5,0.0104618,0.0102105,0.0101681,0.010101,0.0102409,0.0102467,0.0101542,0.0102766,0.0103155,0.0102855,0.0102551,0.0101949,0.010251,0.0101191,0.0101407,0.0101964,0.0100928,0.0103309,0.0104924
82.5,0.011039,0.0110899,0.0113491,0.0109784,0.0112547,0.0115084,0.0113878,0.0112996,0.0113226,0.0113072,0.0112731,0.0114014,0.0112609,0.0114453,0.0113906,0.0113419,0.0110159,0.0113618,0.0113396
87.5,0.0114788,0.0117925,0.0123865,0.0117646,0.0120815,0.0124891,0.0122888,0.0120248,0.0119972,0.0120272,0.0120429,0.0124023,0.0121745,0.0125071,0.0124705,0.012297,0.0118391,0.0122154,0.0119222
92.5,0.0117452,0.0123539,0.0130291,0.0123713,0.0126901,0.0131858,0.0129628,0.0125649,0.0125262,0.0126438,0.0126678,0.013101,0.0127113,0.0132045,0.0131793,0.0129422,0.0123662,0.0127521,0.0123388
97.5,0.0117935,0.012585,0.0133181,0.0126582,0.0129056,0.0133481,0.0131631,0.0127425,0.0126759,0.0127756,0.0128354,0.0133724,0.0128921,0.0135045,0.013521,0.0132628,0.0126089,0.012968,0.012416
102.5,0.01165,0.0124385,0.0130633,0.0124518,0.012779,0.0131422,0.0129892,0.0126052,0.0125257,0.0125872,0.0126058,0.0132086,0.0127595,0.0134122,0.0133594,0.0130567,0.0125458,0.0127386,0.0122062
107.5,0.0111938,0.0119445,0.0124746,0.0119467,0.0122609,0.0125323,0.0124253,0.012031,0.0119831,0.0120175,0.0120852,0.0125632,0.012206,0.0127065,0.012627,0.012477,0.0119882,0.0121854,0.0117078
112.5,0.0105389,0.0111152,0.011522,0.0111008,0.0113897,0.0115818,0.0115216,0.0112371,0.0111093,0.0112204,0.0113379,0.0116721,0.0113683,0.0117095,0.0117821,0.0115206,0.0111217,0.0112845,0.0109917
117.5,0.0096788,0.0101297,0.0104606,0.0100807,0.0103734,0.0104693,0.0104426,0.0101893,0.0101296,0.010227,0.0102491,0.0106256,0.0103136,0.0106406,0.0106024,0.0104526,0.0101301,0.0102963,0.0101457
122.5,0.0088501,0.0091129,0.009391,0.0090562,0.0092907,0.0093303,0.0093421,0.0092029,0.0091579,0.0091533,0.0091951,0.009441,0.0092446,0.0094618,0.0094864,0.0093304,0.0091362,0.0093073,0.0092139
127.5,0.0079741,0.0080659,0.0082711,0.0080391,0.0082455,0.0082454,0.0082966,0.0082252,0.0081835,0.0081292,0.0081798,0.0083283,0.0082014,0.0083259,0.0083547,0.0082287,0.0080908,0.0082257,0.0082741
132.5,0.0071524,0.0071681,0.0072714,0.0071197,0.0071989,0.0072408,0.0073103,0.0072431,0.0072264,0.0072094,0.007197,0.0072892,0.0071649,0.0072638,0.0073375,0.0072063,0.0071437,0.0072719,0.0073506
137.5,0.0063913,0.0063022,0.006347,0.0062729,0.006322,0.0063089,0.0063831,0.0063639,0.0063811,0.0063029,0.006264,0.0063689,0.0062747,0.0063151,0.0062963,0.0062854,0.0062693,0.0063666,0.0064673
142.5,0.005612,0.005492,0.0054667,0.0055055,0.0054516,0.0053969,0.0055037,0.0055037,0.0055418,0.005487,0.0054319,0.005394,0.0054165,0.0054351,0.0054011,0.0054116,0.0054893,0.0055402,0.0056421
147.5,0.0048963,0.0047013,0.0046121,0.0047099,0.0046228,0.004576,0.0046531,0.0046874,0.0047316,0.0047229,0.0046315,0.0045478,0.0046392,0.0045258,0.0045234,0.0046049,0.0047208,0.0047424,0.0048833
152.5,0.0041714,0.0039701,0.0038193,0.0039577,0.0038495,0.0037745,0.0038741,0.0039191,0.0039428,0.0038946,0.0038322,0.0037406,0.0038479,0.0037314,0.0036949,0.003811,0.0039628,0.0039094,0.0040552
157.5,0.003431,0.0032053,0.0030247,0.0032386,0.0030947,0.0030003,0.0031004,0.0031707,0.0032094,0.0031748,0.003113,0.0029732,0.0030845,0.0029655,0.0029631,0.0030647,0.0031966,0.0031398,0.0032947
162.5,0.0026883,0.0024822,0.0022827,0.0024799,0.0023628,0.0022661,0.0023557,0.0024084,0.0024576,0.0024049,0.0024031,0.0022494,0.0024066,0.002251,0.0022445,0.0023223,0.0024915,0.0023923,0.0025351
167.5,0.0019313,0.0017784,0.0016108,0.0017657,0.0016675,0.0015761,0.0016543,0.0017197,0.0017469,0.0017158,0.0017071,0.0015739,0.0016767,0.0015632,0.0015548,0.001656,0.0017678,0.0016542,0.0017943
172.5,0.0011675,0.0010547,0.000964,0.0010601,0.0009916,0.0009367,0.0009846,0.0010367,0.0010442,0.0010188,0.0010203,0.000934,0.0010046,0.0009257,0.0009246,0.0009926,0.0010555,0.000985,0.0010636
177.5,0.0003945,0.0003565,0.0003229,0.0003491,0.000337,0.0003197,0.000332,0.0003516,0.0003585,0.0003572,0.000352,0.0003129,0.0003422,0.000313,0.0003056,0.0003279,0.0003518,0.0003281,0.0003578
