,0
D295,0.0
N296,9.999999999998899e-05
I297,0.0005999999999999894
K298,0.00040000000000001146
H299,0.0010999999999999899
V300,0.0007999999999999952
aa301,0.0020999999999999908
G302,0.0010000000000000009
G303,0.0007000000000000062
G304,0.0002999999999999947
S305,0.0007999999999999952
V306,-0.0007000000000000062
Q307,-0.00019999999999997797
I308,-0.0010999999999999899
V309,-0.00020000000000000573
Y310,0.00010000000000001674
K311,0.00010000000000001674
P312,0.0008999999999999841
V313,0.00020000000000000573
